year,auc,ndcg_at_k,sensitivity,precision
2003,0.734845,0.127993,0.115942,0.133333
2004,0.77188,0.117368,0.103448,0.101695
2005,0.749364,0.036133,0.0444444,0.0338983
2006,0.752206,0.0191313,0.030303,0.0169492
2007,0.703403,0,0,0
2008,0.635724,0,0,0
2009,0.631142,0.0446617,0.0645161,0.037037
2010,0.644688,0.0223748,0.0384615,0.0185185
2011,0.769539,0,0,0
2012,0.740172,0,0,0
2013,0.738725,0,0,0
2014,0.698559,0,0,0
