year,auc,ndcg_at_k,sensitivity,precision
2003,0.730244,0.0565803,0.057971,0.0666667
2004,0.768395,0.0406554,0.0517241,0.0508475
2005,0.721164,0.0161094,0.0222222,0.0169492
2006,0.750571,0,0,0
2007,0.703403,0,0,0
2008,0.635724,0,0,0
2009,0.642779,0.0419057,0.0645161,0.037037
2010,0.653638,0.0239748,0.0384615,0.0185185
2011,0.758313,0,0,0
2012,0.729347,0,0,0
2013,0.704739,0,0,0
2014,0.693669,0,0,0
