year,auc,ndcg_at_k,sensitivity,precision
2003,0.735895,0.0896633,0.101449,0.116667
2004,0.778787,0.02849,0.0344828,0.0338983
2005,0.713758,0,0,0
2006,0.755765,0,0,0
2007,0.712607,0,0,0
2008,0.640144,0.0239748,0.0384615,0.0178571
2009,0.663563,0.0247157,0.0322581,0.0185185
2010,0.681837,0.0255028,0.0384615,0.0185185
2011,0.771565,0.0262304,0.047619,0.0185185
2012,0.769804,0,0,0
2013,0.718401,0,0,0
2014,0.692691,0,0,0
