year,auc,ndcg_at_k,sensitivity,precision
2003,0.734845,0.127993,11.5942,13.3333
2004,0.77188,0.117368,10.3448,10.1695
2005,0.749364,0.036133,4.44444,3.38983
2006,0.752206,0.0191313,3.0303,1.69492
2007,0.703403,0,0,0
2008,0.635724,0,0,0
